variable,alpha_ec1,alpha_ec2,beta_ec1,beta_ec2
log_fed_sec,-0.14327925385876905,-0.00786513422688348,1.0,4.243096682270253e-17
log_base,-0.1579501996281216,-0.01516985205820902,1.8720411876105803e-18,1.0
log_m2_less_base,0.03376174137288891,-0.0035826479750816777,0.4557222261089942,-0.947582091989332
ffr,-0.00881973076073911,0.17341526830828072,0.06458029198319619,-0.18085775570482612
gs10,-0.05780974262280677,-0.22639124259674714,0.26985746973938424,0.6701942578816604
log_cpi,0.008624936700558498,-0.0036547116210395147,-5.7439382009183015,-1.0486206991583802
