variable,alpha_ec1,alpha_ec2,alpha_ec3,alpha_ec4,beta_ec1,beta_ec2,beta_ec3,beta_ec4
log_fed_sec,-0.23509251280683502,0.18174325203960962,0.11739995203243948,-0.0053903174705409165,1.0,-2.373824142242912e-17,-6.088316402535037e-18,-9.257399179293351e-17
log_base,-0.042192089624657265,-0.25966230339992763,-0.33135630010152306,-0.0067388315873899585,6.461791962052992e-18,0.9999999999999998,-7.122934843968129e-17,-1.492407939808664e-17
log_m2_less_base,0.009050117185496406,0.04809863260798788,0.07168105410158947,0.0031323713568679637,5.752823039600541e-17,1.5482392628187797e-17,1.0,8.240060346135738e-17
ffr,0.03612267027919558,0.19464957801955798,0.8344954054836892,-0.10977043513133283,8.835042675529762e-18,1.0643307601481442e-18,2.4166924745308987e-18,1.0
gs10,0.023548928291384403,-0.3288116436611152,0.6280581526449351,-0.0065798122790999775,0.3891810432123081,0.35185260785748584,-0.03627064621241686,-1.591159482042088
log_cpi,0.008235911458541717,-0.0009517776283660895,0.02444347567303482,0.00012407474091824064,-4.491779645734149,-3.7857422694368177,-2.2223379783689854,-3.760039756271928
